{"mean":{"confidence_interval":{"confidence_level":0.95,"lower_bound":107.0983086513558,"upper_bound":113.45815203778032},"point_estimate":110.10356911771558,"standard_error":1.6221717793811383},"median":{"confidence_interval":{"confidence_level":0.95,"lower_bound":101.49737334689725,"upper_bound":106.52349064531823},"point_estimate":103.32300624018274,"standard_error":1.2091500914381368},"median_abs_dev":{"confidence_interval":{"confidence_level":0.95,"lower_bound":4.024437467234996,"upper_bound":9.013430750736072},"point_estimate":6.853000907006209,"standard_error":1.353701948503044},"slope":{"confidence_interval":{"confidence_level":0.95,"lower_bound":102.32163114631196,"upper_bound":107.91644568617761},"point_estimate":104.8155336193342,"standard_error":1.4392390941069946},"std_dev":{"confidence_interval":{"confidence_level":0.95,"lower_bound":11.89370441229428,"upper_bound":20.07744850681496},"point_estimate":16.298338221902473,"standard_error":2.0908387348036226}}